{"v":"5.7.13","fr":60,"ip":0,"op":241,"w":512,"h":512,"nm":"Lines","ddd":0,"assets":[{"id":"comp_0","nm":"All the layers","layers":[{"ddd":0,"ind":1,"ty":4,"nm":"5","sr":1,"ks":{"o":{"a":0,"k":100,"ix":11},"r":{"a":0,"k":0,"ix":10},"p":{"a":0,"k":[408,280,0],"ix":2,"l":2},"a":{"a":0,"k":[56,184,0],"ix":1,"l":2},"s":{"a":0,"k":[100,100,100],"ix":6,"l":2}},"ao":0,"shapes":[{"ty":"gr","it":[{"ind":0,"ty":"sh","ix":1,"ks":{"a":1,"k":[{"i":{"x":0.667,"y":1},"o":{"x":0.333,"y":0},"t":0,"s":[{"i":[[0,8.8],[0,0],[-8.8,0],[0,-8.8],[0,0],[8.8,0]],"o":[[0,0],[0,-8.8],[8.8,0],[0,0],[0,8.8],[-8.8,0]],"v":[[-16,128],[-16,-25],[0,-41],[16,-25],[16,128],[0,144]],"c":true}]},{"i":{"x":0.667,"y":1},"o":{"x":0.333,"y":0},"t":29,"s":[{"i":[[0,8.8],[0,0],[-8.8,0],[0,-8.8],[0,0],[8.8,0]],"o":[[0,0],[0,-8.8],[8.8,0],[0,0],[0,8.8],[-8.8,0]],"v":[[-16,128],[-16,-128],[0,-144],[16,-128],[16,128],[0,144]],"c":true}]},{"t":60,"s":[{"i":[[0,8.8],[0,0],[-8.8,0],[0,-8.8],[0,0],[8.8,0]],"o":[[0,0],[0,-8.8],[8.8,0],[0,0],[0,8.8],[-8.8,0]],"v":[[-16,128],[-16,-25],[0,-41],[16,-25],[16,128],[0,144]],"c":true}]}],"ix":2},"nm":"Path 1","mn":"ADBE Vector Shape - Group","hd":false},{"ty":"tr","p":{"a":0,"k":[56,184],"ix":2},"a":{"a":0,"k":[0,0],"ix":1},"s":{"a":0,"k":[100,100],"ix":3},"r":{"a":0,"k":0,"ix":6},"o":{"a":0,"k":100,"ix":7},"sk":{"a":0,"k":0,"ix":4},"sa":{"a":0,"k":0,"ix":5},"nm":"Transform"}],"nm":"Group 1","np":2,"cix":2,"bm":0,"ix":1,"mn":"ADBE Vector Group","hd":false},{"ty":"fl","c":{"a":0,"k":[0.423529411765,0.772549019608,0.913725490196,1],"ix":4},"o":{"a":0,"k":100,"ix":5},"r":1,"bm":0,"nm":"Fill 1","mn":"ADBE Vector Graphic - Fill","hd":false}],"ip":0,"op":540,"st":0,"bm":0},{"ddd":0,"ind":2,"ty":4,"nm":"4","sr":1,"ks":{"o":{"a":0,"k":100,"ix":11},"r":{"a":0,"k":0,"ix":10},"p":{"a":0,"k":[328,280,0],"ix":2,"l":2},"a":{"a":0,"k":[56,184,0],"ix":1,"l":2},"s":{"a":0,"k":[100,100,100],"ix":6,"l":2}},"ao":0,"shapes":[{"ty":"gr","it":[{"ind":0,"ty":"sh","ix":1,"ks":{"a":1,"k":[{"i":{"x":0.667,"y":1},"o":{"x":0.333,"y":0},"t":0,"s":[{"i":[[0,8.8],[0,0],[-8.8,0],[0,-8.8],[0,0],[8.8,0]],"o":[[0,0],[0,-8.8],[8.8,0],[0,0],[0,8.8],[-8.8,0]],"v":[[-16,128],[-16,-128],[0,-144],[16,-128],[16,128],[0,144]],"c":true}]},{"i":{"x":0.667,"y":1},"o":{"x":0.333,"y":0},"t":29,"s":[{"i":[[0,8.8],[0,0],[-8.8,0],[0,-8.8],[0,0],[8.8,0]],"o":[[0,0],[0,-8.8],[8.8,0],[0,0],[0,8.8],[-8.8,0]],"v":[[-16,128],[-16,60],[0,44],[16,60],[16,128],[0,144]],"c":true}]},{"t":60,"s":[{"i":[[0,8.8],[0,0],[-8.8,0],[0,-8.8],[0,0],[8.8,0]],"o":[[0,0],[0,-8.8],[8.8,0],[0,0],[0,8.8],[-8.8,0]],"v":[[-16,128],[-16,-128],[0,-144],[16,-128],[16,128],[0,144]],"c":true}]}],"ix":2},"nm":"Path 1","mn":"ADBE Vector Shape - Group","hd":false},{"ty":"tr","p":{"a":0,"k":[56,184],"ix":2},"a":{"a":0,"k":[0,0],"ix":1},"s":{"a":0,"k":[100,100],"ix":3},"r":{"a":0,"k":0,"ix":6},"o":{"a":0,"k":100,"ix":7},"sk":{"a":0,"k":0,"ix":4},"sa":{"a":0,"k":0,"ix":5},"nm":"Transform"}],"nm":"Group 1","np":2,"cix":2,"bm":0,"ix":1,"mn":"ADBE Vector Group","hd":false},{"ty":"fl","c":{"a":0,"k":[0.670588235294,0.862745098039,0.411764705882,1],"ix":4},"o":{"a":0,"k":100,"ix":5},"r":1,"bm":0,"nm":"Fill 1","mn":"ADBE Vector Graphic - Fill","hd":false}],"ip":0,"op":540,"st":0,"bm":0},{"ddd":0,"ind":3,"ty":4,"nm":"3","sr":1,"ks":{"o":{"a":0,"k":100,"ix":11},"r":{"a":0,"k":0,"ix":10},"p":{"a":0,"k":[248,280,0],"ix":2,"l":2},"a":{"a":0,"k":[56,184,0],"ix":1,"l":2},"s":{"a":0,"k":[100,100,100],"ix":6,"l":2}},"ao":0,"shapes":[{"ty":"gr","it":[{"ind":0,"ty":"sh","ix":1,"ks":{"a":1,"k":[{"i":{"x":0.667,"y":1},"o":{"x":0.333,"y":0},"t":0,"s":[{"i":[[0,8.8],[0,0],[-8.8,0],[0,-8.8],[0,0],[8.8,0]],"o":[[0,0],[0,-8.8],[8.8,0],[0,0],[0,8.8],[-8.8,0]],"v":[[-16,128],[-16,11],[0,-5],[16,11],[16,128],[0,144]],"c":true}]},{"i":{"x":0.667,"y":1},"o":{"x":0.333,"y":0},"t":29,"s":[{"i":[[0,8.8],[0,0],[-8.8,0],[0,-8.8],[0,0],[8.8,0]],"o":[[0,0],[0,-8.8],[8.8,0],[0,0],[0,8.8],[-8.8,0]],"v":[[-16,128],[-16,-94],[0,-110],[16,-94],[16,128],[0,144]],"c":true}]},{"t":60,"s":[{"i":[[0,8.8],[0,0],[-8.8,0],[0,-8.8],[0,0],[8.8,0]],"o":[[0,0],[0,-8.8],[8.8,0],[0,0],[0,8.8],[-8.8,0]],"v":[[-16,128],[-16,11],[0,-5],[16,11],[16,128],[0,144]],"c":true}]}],"ix":2},"nm":"Path 1","mn":"ADBE Vector Shape - Group","hd":false},{"ty":"tr","p":{"a":0,"k":[56,184],"ix":2},"a":{"a":0,"k":[0,0],"ix":1},"s":{"a":0,"k":[100,100],"ix":3},"r":{"a":0,"k":0,"ix":6},"o":{"a":0,"k":100,"ix":7},"sk":{"a":0,"k":0,"ix":4},"sa":{"a":0,"k":0,"ix":5},"nm":"Transform"}],"nm":"Group 1","np":2,"cix":2,"bm":0,"ix":1,"mn":"ADBE Vector Group","hd":false},{"ty":"fl","c":{"a":0,"k":[0.996078431373,0.854901960784,0.027450980392,1],"ix":4},"o":{"a":0,"k":100,"ix":5},"r":1,"bm":0,"nm":"Fill 1","mn":"ADBE Vector Graphic - Fill","hd":false}],"ip":0,"op":540,"st":0,"bm":0},{"ddd":0,"ind":4,"ty":4,"nm":"2","sr":1,"ks":{"o":{"a":0,"k":100,"ix":11},"r":{"a":0,"k":0,"ix":10},"p":{"a":0,"k":[168,280,0],"ix":2,"l":2},"a":{"a":0,"k":[56,184,0],"ix":1,"l":2},"s":{"a":0,"k":[100,100,100],"ix":6,"l":2}},"ao":0,"shapes":[{"ty":"gr","it":[{"ind":0,"ty":"sh","ix":1,"ks":{"a":1,"k":[{"i":{"x":0.667,"y":1},"o":{"x":0.333,"y":0},"t":0,"s":[{"i":[[0,8.8],[0,0],[-8.8,0],[0,-8.8],[0,0],[8.8,0]],"o":[[0,0],[0,-8.8],[8.8,0],[0,0],[0,8.8],[-8.8,0]],"v":[[-16,128],[-16,-128],[0,-144],[16,-128],[16,128],[0,144]],"c":true}]},{"i":{"x":0.667,"y":1},"o":{"x":0.333,"y":0},"t":29,"s":[{"i":[[0,8.8],[0,0],[-8.8,0],[0,-8.8],[0,0],[8.8,0]],"o":[[0,0],[0,-8.8],[8.8,0],[0,0],[0,8.8],[-8.8,0]],"v":[[-16,128],[-16,-30],[0,-46],[16,-30],[16,128],[0,144]],"c":true}]},{"t":60,"s":[{"i":[[0,8.8],[0,0],[-8.8,0],[0,-8.8],[0,0],[8.8,0]],"o":[[0,0],[0,-8.8],[8.8,0],[0,0],[0,8.8],[-8.8,0]],"v":[[-16,128],[-16,-128],[0,-144],[16,-128],[16,128],[0,144]],"c":true}]}],"ix":2},"nm":"Path 1","mn":"ADBE Vector Shape - Group","hd":false},{"ty":"tr","p":{"a":0,"k":[56,184],"ix":2},"a":{"a":0,"k":[0,0],"ix":1},"s":{"a":0,"k":[100,100],"ix":3},"r":{"a":0,"k":0,"ix":6},"o":{"a":0,"k":100,"ix":7},"sk":{"a":0,"k":0,"ix":4},"sa":{"a":0,"k":0,"ix":5},"nm":"Transform"}],"nm":"Group 1","np":2,"cix":2,"bm":0,"ix":1,"mn":"ADBE Vector Group","hd":false},{"ty":"fl","c":{"a":0,"k":[0.964705882353,0.549019607843,0.090196078431,1],"ix":4},"o":{"a":0,"k":100,"ix":5},"r":1,"bm":0,"nm":"Fill 1","mn":"ADBE Vector Graphic - Fill","hd":false}],"ip":0,"op":540,"st":0,"bm":0},{"ddd":0,"ind":5,"ty":4,"nm":"1","sr":1,"ks":{"o":{"a":0,"k":100,"ix":11},"r":{"a":0,"k":0,"ix":10},"p":{"a":0,"k":[88,280,0],"ix":2,"l":2},"a":{"a":0,"k":[56,184,0],"ix":1,"l":2},"s":{"a":0,"k":[100,100,100],"ix":6,"l":2}},"ao":0,"shapes":[{"ty":"gr","it":[{"ind":0,"ty":"sh","ix":1,"ks":{"a":1,"k":[{"i":{"x":0.833,"y":1},"o":{"x":0.333,"y":0},"t":0,"s":[{"i":[[0,8.8],[0,0],[-8.8,0],[0,-8.8],[0,0],[8.8,0]],"o":[[0,0],[0,-8.8],[8.8,0],[0,0],[0,8.8],[-8.8,0]],"v":[[-16,128],[-16,61],[0,45],[16,61],[16,128],[0,144]],"c":true}]},{"i":{"x":0.833,"y":1},"o":{"x":0.333,"y":0},"t":29,"s":[{"i":[[0,8.8],[0,0],[-8.8,0],[0,-8.8],[0,0],[8.8,0]],"o":[[0,0],[0,-8.8],[8.8,0],[0,0],[0,8.8],[-8.8,0]],"v":[[-16,128],[-16,-128],[0,-144],[16,-128],[16,128],[0,144]],"c":true}]},{"t":60,"s":[{"i":[[0,8.8],[0,0],[-8.8,0],[0,-8.8],[0,0],[8.8,0]],"o":[[0,0],[0,-8.8],[8.8,0],[0,0],[0,8.8],[-8.8,0]],"v":[[-16,128],[-16,61],[0,45],[16,61],[16,128],[0,144]],"c":true}]}],"ix":2},"nm":"Path 1","mn":"ADBE Vector Shape - Group","hd":false},{"ty":"tr","p":{"a":0,"k":[56,184],"ix":2},"a":{"a":0,"k":[0,0],"ix":1},"s":{"a":0,"k":[100,100],"ix":3},"r":{"a":0,"k":0,"ix":6},"o":{"a":0,"k":100,"ix":7},"sk":{"a":0,"k":0,"ix":4},"sa":{"a":0,"k":0,"ix":5},"nm":"Transform"}],"nm":"Group 1","np":2,"cix":2,"bm":0,"ix":1,"mn":"ADBE Vector Group","hd":false},{"ty":"fl","c":{"a":0,"k":[0.929411764706,0.329411764706,0.352941176471,1],"ix":4},"o":{"a":0,"k":100,"ix":5},"r":1,"bm":0,"nm":"Fill 1","mn":"ADBE Vector Graphic - Fill","hd":false}],"ip":0,"op":540,"st":0,"bm":0}]}],"layers":[{"ddd":0,"ind":1,"ty":0,"nm":"All the layers","refId":"comp_0","sr":1,"ks":{"o":{"a":0,"k":100,"ix":11},"r":{"a":0,"k":0,"ix":10},"p":{"a":0,"k":[256,256,0],"ix":2,"l":2},"a":{"a":0,"k":[256,256,0],"ix":1,"l":2},"s":{"a":0,"k":[100,100,100],"ix":6,"l":2}},"ao":0,"w":512,"h":512,"ip":179,"op":243,"st":179,"bm":0},{"ddd":0,"ind":2,"ty":0,"nm":"All the layers","refId":"comp_0","sr":1,"ks":{"o":{"a":0,"k":100,"ix":11},"r":{"a":0,"k":0,"ix":10},"p":{"a":0,"k":[256,256,0],"ix":2,"l":2},"a":{"a":0,"k":[256,256,0],"ix":1,"l":2},"s":{"a":0,"k":[100,100,100],"ix":6,"l":2}},"ao":0,"w":512,"h":512,"ip":119,"op":179,"st":119,"bm":0},{"ddd":0,"ind":3,"ty":0,"nm":"All the layers","refId":"comp_0","sr":1,"ks":{"o":{"a":0,"k":100,"ix":11},"r":{"a":0,"k":0,"ix":10},"p":{"a":0,"k":[256,256,0],"ix":2,"l":2},"a":{"a":0,"k":[256,256,0],"ix":1,"l":2},"s":{"a":0,"k":[100,100,100],"ix":6,"l":2}},"ao":0,"w":512,"h":512,"ip":60,"op":120,"st":60,"bm":0},{"ddd":0,"ind":4,"ty":0,"nm":"All the layers","refId":"comp_0","sr":1,"ks":{"o":{"a":0,"k":100,"ix":11},"r":{"a":0,"k":0,"ix":10},"p":{"a":0,"k":[256,256,0],"ix":2,"l":2},"a":{"a":0,"k":[256,256,0],"ix":1,"l":2},"s":{"a":0,"k":[100,100,100],"ix":6,"l":2}},"ao":0,"w":512,"h":512,"ip":0,"op":60,"st":0,"bm":0}],"markers":[]}